222,"1168 Najafabad Parkway","Kabol","40301","886649065861","POINT(69.1723396 34.5281317)","Kabul","Afghanistan","2018-11-28 14:36:17"
446,"1924 Shimonoseki Drive","Batna","52625","406784385440","POINT(6.1741493 35.5559713)","Batna","Algeria","2018-11-28 14:36:17"
73,"1031 Daugavpils Parkway","Bchar","59025","107137400143","POINT(0 0)","Bchar","Algeria","2018-11-28 14:36:17"
180,"757 Rustenburg Avenue","Skikda","89668","506134035434","POINT(6.9092172 36.8761757)","Skikda","Algeria","2018-11-28 14:36:17"
325,"1892 Nabereznyje Telny Lane","Tutuila","28396","478229987054","POINT(0 0)","Tafuna","American Samoa","2018-11-28 14:36:17"
534,"486 Ondo Parkway","Benguela","35202","105882218332","POINT(13.4054777 -12.5762601)","Benguela","Angola","2018-11-28 14:36:17"
388,"368 Hunuco Boulevard","Namibe","17165","106439158941","POINT(12.1522211 -15.1961143)","Namibe","Angola","2018-11-28 14:36:17"
386,"1368 Maracabo Boulevard","","32716","934352415130","POINT(-63.0833345 18.1833393)","South Hill","Anguilla","2018-11-28 14:36:17"
364,"1623 Kingstown Drive","Buenos Aires","91299","296394569728","POINT(-58.3333333 -34.8333375)","Almirante Brown","Argentina","2018-11-28 14:36:17"
566,"1229 Varanasi (Benares) Manor","Buenos Aires","40195","817740355461","POINT(-58.3333322 -34.6666718)","Avellaneda","Argentina","2018-11-28 14:36:17"
327,"1427 A Corua (La Corua) Place","Buenos Aires","85799","972574862516","POINT(0 0)","Baha Blanca","Argentina","2018-11-28 14:36:17"
28,"96 Tafuna Way","Crdoba","99865","934730187245","POINT(0 0)","Crdoba","Argentina","2018-11-28 14:36:17"
450,"203 Tambaram Street","Buenos Aires","73942","411549550611","POINT(-58.7550405 -34.3333355)","Escobar","Argentina","2018-11-28 14:36:17"
536,"166 Jinchang Street","Buenos Aires","86760","717566026669","POINT(-58.5247236 -34.8541788)","Ezeiza","Argentina","2018-11-28 14:36:17"
93,"1926 El Alto Avenue","Buenos Aires","75543","846225459260","POINT(-57.9545302 -34.9214582)","La Plata","Argentina","2018-11-28 14:36:17"
111,"1532 Dzerzinsk Way","Buenos Aires","9599","330838016880","POINT(-58.7282854 -34.6658341)","Merlo","Argentina","2018-11-28 14:36:17"
591,"773 Dallas Manor","Buenos Aires","12664","914466027044","POINT(-58.2526595 -34.7241859)","Quilmes","Argentina","2018-11-28 14:36:17"
247,"1483 Pathankot Street","Tucumn","37288","686015532180","POINT(0 0)","San Miguel de Tucumn","Argentina","2018-11-28 14:36:17"
336,"430 Kumbakonam Drive","Santa F","28814","105470691550","POINT(-58.3772319 -34.6131591)","Santa F","Argentina","2018-11-28 14:36:17"
410,"88 Nagaon Manor","Buenos Aires","86868","779461480495","POINT(-59.1331661 -37.3216706)","Tandil","Argentina","2018-11-28 14:36:17"
223,"1244 Allappuzha (Alleppey) Place","Buenos Aires","20657","991802825778","POINT(0 0)","Vicente Lpez","Argentina","2018-11-28 14:36:17"
45,"42 Brindisi Place","Yerevan","16744","42384721397","POINT(44.5136157 40.1811198)","Yerevan","Armenia","2018-11-28 14:36:17"
2,"28 MySQL Boulevard","QLD","","","POINT(153.1408538 -27.6333361)","Woodridge","Australia","2018-11-28 14:36:17"
4,"1411 Lillydale Drive","QLD","","6172235589","POINT(153.1913094 -27.6333373)","Woodridge","Australia","2018-11-28 14:36:17"
177,"1010 Klerksdorp Way","Steiermark","6802","493008546874","POINT(15.4512761 47.0666727)","Graz","Austria","2018-11-28 14:36:17"
163,"1440 Compton Place","North Austria","81037","931059836497","POINT(0 0)","Linz","Austria","2018-11-28 14:36:17"
271,"1587 Loja Manor","Salzburg","5410","621625204422","POINT(13.0439929 47.7994114)","Salzburg","Austria","2018-11-28 14:36:17"
338,"431 Szkesfehrvr Avenue","Baki","57828","119501405123","POINT(49.8920185 40.3776798)","Baku","Azerbaijan","2018-11-28 14:36:17"
339,"503 Sogamoso Loop","Sumqayit","49812","834626715837","POINT(49.6686177 40.5897257)","Sumqayit","Azerbaijan","2018-11-28 14:36:17"
596,"1759 Niznekamsk Avenue","al-Manama","39414","864392582257","POINT(50.5832283 26.2153669)","al-Manama","Bahrain","2018-11-28 14:36:17"
337,"1838 Tabriz Lane","Dhaka","1195","38988715447","POINT(90.4074439 23.7104078)","Dhaka","Bangladesh","2018-11-28 14:36:17"
334,"1816 Bydgoszcz Loop","Dhaka","64308","965273813662","POINT(89.9481296 24.9196508)","Jamalpur","Bangladesh","2018-11-28 14:36:17"
25,"262 A Corua (La Corua) Parkway","Dhaka","34418","892775750063","POINT(89.9165584 24.2498482)","Tangail","Bangladesh","2018-11-28 14:36:17"
533,"556 Asuncin Way","Mogiljov","35364","338244023543","POINT(30.3449906 53.9168017)","Mogiljov","Belarus","2018-11-28 14:36:17"
148,"1027 Songkhla Manor","Minsk","30861","563660187896","POINT(0 0)","Molodetno","Belarus","2018-11-28 14:36:17"
460,"659 Gatineau Boulevard","La Paz","28587","205524798287","POINT(-68.1833381 -16.4833304)","El Alto","Bolivia","2018-11-28 14:36:17"
436,"287 Cuautla Boulevard","Chuquisaca","72736","82619513349","POINT(-65.2627454 -19.0333211)","Sucre","Bolivia","2018-11-28 14:36:17"
557,"1407 Pachuca de Soto Place","Rio Grande do Sul","26284","380077794770","POINT(-51.0371785 -29.9889766)","Alvorada","Brazil","2018-11-28 14:36:17"
312,"1354 Siegen Street","Rio de Janeiro","80184","573441801529","POINT(-44.3180635 -23.0066772)","Angra dos Reis","Brazil","2018-11-28 14:36:17"
233,"356 Olomouc Manor","Gois","93323","22326410776","POINT(0 0)","Anpolis","Brazil","2018-11-28 14:36:17"
220,"1201 Qomsheh Manor","Gois","21464","873492228462","POINT(0 0)","Aparecida de Goinia","Brazil","2018-11-28 14:36:17"
81,"1692 Ede Loop","So Paulo","9223","918711376618","POINT(0 0)","Araatuba","Brazil","2018-11-28 14:36:17"
403,"1190 0 Place","Rio Grande do Sul","10417","841876514789","POINT(-54.1069424 -31.3313942)","Bag","Brazil","2018-11-28 14:36:17"
367,"1163 London Parkway","Par","6066","675120358494","POINT(0 0)","Belm","Brazil","2018-11-28 14:36:17"
210,"1304 s-Hertogenbosch Way","Santa Catarina","10925","90336226227","POINT(-49.0661132 -26.9194492)","Blumenau","Brazil","2018-11-28 14:36:17"
347,"1293 Nam Dinh Way","Roraima","71583","697656479977","POINT(-60.6733335 2.8197248)","Boa Vista","Brazil","2018-11-28 14:36:17"
330,"981 Kumbakonam Place","Distrito Federal","87611","829116184079","POINT(0 0)","Braslia","Brazil","2018-11-28 14:36:17"
96,"984 Effon-Alaiye Avenue","Gois","17119","132986892228","POINT(0 0)","Goinia","Brazil","2018-11-28 14:36:17"
432,"259 Ipoh Drive","So Paulo","64964","419009857119","POINT(0 0)","Guaruj","Brazil","2018-11-28 14:36:17"
134,"758 Junan Lane","Gois","82639","935448624185","POINT(0 0)","guas Lindas de Gois","Brazil","2018-11-28 14:36:17"
315,"543 Bergamo Avenue","Minas Gerais","59686","103602195112","POINT(0 0)","Ibirit","Brazil","2018-11-28 14:36:17"
51,"686 Garland Manor","Cear","52535","69493378813","POINT(0 0)","Juazeiro do Norte","Brazil","2018-11-28 14:36:17"
597,"32 Liaocheng Way","Minas Gerais","1944","410877354933","POINT(-43.3502807 -21.7641784)","Juiz de Fora","Brazil","2018-11-28 14:36:17"
187,"1839 Szkesfehrvr Parkway","Gois","55709","947468818183","POINT(0 0)","Luzinia","Brazil","2018-11-28 14:36:17"
250,"829 Grand Prairie Way","Paran","6461","741070712873","POINT(0 0)","Maring","Brazil","2018-11-28 14:36:17"
130,"1666 Qomsheh Drive","So Paulo","66255","582835362905","POINT(0 0)","Po","Brazil","2018-11-28 14:36:17"
259,"1338 Zalantun Lane","Minas Gerais","45403","840522972766","POINT(0 0)","Poos de Caldas","Brazil","2018-11-28 14:36:17"
78,"1206 Dos Quebradas Place","So Paulo","20207","241832790687","POINT(0 0)","Rio Claro","Brazil","2018-11-28 14:36:17"
182,"1891 Rizhao Boulevard","So Paulo","47288","391065549876","POINT(0 0)","Santa Brbara dOeste","Brazil","2018-11-28 14:36:17"
359,"519 Nyeri Manor","So Paulo","37650","764680915323","POINT(0 0)","Santo Andr","Brazil","2018-11-28 14:36:17"
550,"1715 Okayama Street","So Paulo","55676","169352919175","POINT(0 0)","So Bernardo do Campo","Brazil","2018-11-28 14:36:17"
448,"614 Denizli Parkway","Rio Grande do Sul","29444","876491807547","POINT(0 0)","So Leopoldo","Brazil","2018-11-28 14:36:17"
319,"1957 Yantai Lane","So Paulo","59255","704948322302","POINT(0 0)","Sorocaba","Brazil","2018-11-28 14:36:17"
43,"306 Antofagasta Place","Esprito Santo","3989","378318851631","POINT(0 0)","Vila Velha","Brazil","2018-11-28 14:36:17"
379,"1133 Rizhao Avenue","Pernambuco","2800","600264533987","POINT(0 0)","Vitria de Santo Anto","Brazil","2018-11-28 14:36:17"
95,"1370 Le Mans Avenue","Brunei and Muara","52163","345679835036","POINT(114.9480606 4.9402974)","Bandar Seri Begawan","Brunei","2018-11-28 14:36:17"
546,"191 Jos Azueta Parkway","Ruse","13629","932156667696","POINT(25.9708396 43.8563983)","Ruse","Bulgaria","2018-11-28 14:36:17"
219,"1229 Valencia Parkway","Haskovo","99124","352679173732","POINT(0 0)","Stara Zagora","Bulgaria","2018-11-28 14:36:17"
522,"1768 Udine Loop","Battambang","32347","448876499197","POINT(103.1982286 13.1027132)","Battambang","Cambodia","2018-11-28 14:36:17"
232,"754 Valencia Place","Phnom Penh","87911","594319417514","POINT(104.9160101 11.5624572)","Phnom Penh","Cambodia","2018-11-28 14:36:17"
357,"1641 Changhwa Place","Nord-Ouest","37636","256546485220","POINT(10.1459725 5.9597163)","Bamenda","Cameroon","2018-11-28 14:36:17"
366,"114 Jalib al-Shuyukh Manor","Centre","60440","845378657301","POINT(0 0)","Yaound","Cameroon","2018-11-28 14:36:17"
481,"1153 Allende Way","Qubec","20336","856872225376","POINT(0 0)","Gatineau","Canada","2018-11-28 14:36:17"
468,"1844 Usak Avenue","Nova Scotia","84461","164414772677","POINT(-63.5723905 44.6453389)","Halifax","Canada","2018-11-28 14:36:17"
1,"47 MySakila Drive","Alberta","","","POINT(-112.8185647 49.6999986)","Lethbridge","Canada","2018-11-28 14:36:17"
3,"23 Workhaven Lane","Alberta","","14033335568","POINT(-112.8185673 49.6999951)","Lethbridge","Canada","2018-11-28 14:36:17"
193,"891 Novi Sad Manor","Ontario","5379","247646995453","POINT(-78.8495705 43.9001243)","Oshawa","Canada","2018-11-28 14:36:17"
415,"432 Garden Grove Street","Ontario","65630","615964523510","POINT(-79.4372524 43.8711166)","Richmond Hill","Canada","2018-11-28 14:36:17"
441,"983 Santa F Way","British Colombia","47472","145720452260","POINT(-123.1193449 49.2496694)","Vancouver","Canada","2018-11-28 14:36:17"
541,"195 Ilorin Street","Chari-Baguirmi","49250","8912935608","POINT(0 0)","NDjamna","Chad","2018-11-28 14:36:17"
49,"1718 Valencia Street","Antofagasta","37359","675292816413","POINT(-70.3954856 -23.6523691)","Antofagasta","Chile","2018-11-28 14:36:17"
521,"568 Dhule (Dhulia) Loop","Coquimbo","92568","602101369463","POINT(-719213205 -30.7540619)","Coquimbo","Chile","2018-11-28 14:36:17"
469,"1872 Toulon Loop","OHiggins","7939","928809465153","POINT(0 0)","Rancagua","Chile","2018-11-28 14:36:17"
544,"183 Haiphong Street","Jilin","69953","488600270038","POINT(122.8207694 45.6074696)","Baicheng","China","2018-11-28 14:36:17"
500,"362 Rajkot Lane","Gansu","98030","962020153680","POINT(104.1702318 36.5469698)","Baiyin","China","2018-11-28 14:36:17"
539,"1332 Gaziantep Lane","Shandong","22813","383353187467","POINT(118.0166724 37.3666714)","Binzhou","China","2018-11-28 14:36:17"
201,"817 Bradford Loop","Jiangsu","89459","264286442804","POINT(119.9540109 31.7735997)","Changzhou","China","2018-11-28 14:36:17"
265,"1158 Mandi Bahauddin Parkway","Shanxi","98484","276555730211","POINT(113.2913974 40.0936132)","Datong","China","2018-11-28 14:36:17"
68,"1966 Amroha Avenue","Sichuan","70385","333489324603","POINT(107.5009216 31.2159254)","Daxian","China","2018-11-28 14:36:17"
471,"1322 Mosul Parkway","Shandong","95400","268053970382","POINT(118.4916571 37.4627174)","Dongying","China","2018-11-28 14:36:17"
394,"753 Ilorin Avenue","Sichuan","3656","464511145118","POINT(103.3875589 29.5326767)","Emeishan","China","2018-11-28 14:36:17"
114,"804 Elista Drive","Hubei","61069","379804592943","POINT(109.4833346 30.3716555)","Enshi","China","2018-11-28 14:36:17"
318,"1774 Yaound Place","Hubei","91400","613124286867","POINT(114.7797975 30.4883229)","Ezhou","China","2018-11-28 14:36:17"
215,"1333 Haldia Street","Jilin","82161","408304391718","POINT(124.8166714 45.1833321)","Fuyu","China","2018-11-28 14:36:17"
286,"1308 Sumy Loop","Fujian","30657","583021225407","POINT(119.3061118 26.0613964)","Fuzhou","China","2018-11-28 14:36:17"
558,"904 Clarksville Drive","Zhejiang","52234","955349440539","POINT(120.6715344 30.4784468)","Haining","China","2018-11-28 14:36:17"
169,"154 Tallahassee Loop","Xinxiang","62250","935508855935","POINT(0 0)","Hami","China","2018-11-28 14:36:17"
142,"1587 Sullana Lane","Inner Mongolia","85769","468060467018","POINT(111.6522231 40.8105654)","Hohhot","China","2018-11-28 14:36:17"
389,"500 Lincoln Parkway","Jiangsu","95509","550306965159","POINT(119.0191752 33.5886108)","Huaian","China","2018-11-28 14:36:17"
172,"475 Atinsk Way","Gansu","59571","201705577290","POINT(102.1937901 38.5006258)","Jinchang","China","2018-11-28 14:36:17"
600,"1837 Kaduna Parkway","Inner Mongolia","82580","640843562301","POINT(113.1058305 41.0275874)","Jining","China","2018-11-28 14:36:17"
601,"844 Bucuresti Place","Liaoning","36603","935952366111","POINT(121.7166704 39.1015975)","Jinzhou","China","2018-11-28 14:36:17"
440,"722 Bradford Lane","Shandong","90920","746251338300","POINT(118.8288902 35.1711181)","Junan","China","2018-11-28 14:36:17"
288,"226 Halifax Street","Xinxiang","58492","790651020929","POINT(0 0)","Korla","China","2018-11-28 14:36:17"
155,"1560 Jelets Boulevard","Shandong","77777","189446090264","POINT(117.6569432 36.1927835)","Laiwu","China","2018-11-28 14:36:17"
427,"1557 Cape Coral Parkway","Hubei","46875","368284120423","POINT(111.6677871 32.3858334)","Laohekou","China","2018-11-28 14:36:17"
272,"1762 Paarl Parkway","Hunan","53928","192459639410","POINT(111.4294489 27.6880608)","Lengshuijiang","China","2018-11-28 14:36:17"
575,"1052 Pathankot Avenue","Sichuan","77397","128499386727","POINT(103.7638641 29.5622781)","Leshan","China","2018-11-28 14:36:17"
133,"1854 Tieli Street","Shandong","15819","509492324775","POINT(115.9776621 36.4559676)","Liaocheng","China","2018-11-28 14:36:17"
94,"1952 Chatsworth Drive","Guangdong","25958","991562402283","POINT(116.1337663 24.3536429)","Meixian","China","2018-11-28 14:36:17"
41,"1440 Fukuyama Loop","Henan","47929","912257250465","POINT(112.5327806 32.9947239)","Nanyang","China","2018-11-28 14:36:17"
173,"1294 Firozabad Drive","Jiangxi","70618","161801569569","POINT(113.8700962 27.5781343)","Pingxiang","China","2018-11-28 14:36:17"
246,"1246 Boksburg Parkway","Hebei","28349","890283544295","POINT(119.5883327 39.9316729)","Qinhuangdao","China","2018-11-28 14:36:17"
501,"1060 Tandil Lane","Shandong","72349","211256301880","POINT(119.4552851 35.4275658)","Rizhao","China","2018-11-28 14:36:17"
552,"390 Wroclaw Way","Hainan","5753","357593328658","POINT(109.5053434 18.2430649)","Sanya","China","2018-11-28 14:36:17"
429,"1269 Botosani Manor","Guangdong","47394","736517327853","POINT(115.3475866 22.7819959)","Shanwei","China","2018-11-28 14:36:17"
490,"1909 Dayton Avenue","Guangdong","88513","702955450528","POINT(113.5833382 24.8921893)","Shaoguan","China","2018-11-28 14:36:17"
383,"686 Donostia-San Sebastin Lane","Guangdong","97390","71857599858","POINT(114.0683656 22.5455493)","Shenzhen","China","2018-11-28 14:36:17"
516,"1574 Goinia Boulevard","Heilongjiang","39529","59634255214","POINT(126.9950837 46.6395441)","Suihua","China","2018-11-28 14:36:17"
253,"1760 Oshawa Manor","Tianjin","38140","56257502250","POINT(117.1766766 39.1422277)","Tianjin","China","2018-11-28 14:36:17"
307,"1908 Gaziantep Place","Liaoning","58979","108053751300","POINT(123.6058384 42.4130612)","Tiefa","China","2018-11-28 14:36:17"
605,"1325 Fukuyama Street","Heilongjiang","27107","288241215394","POINT(128.0449753 46.9804391)","Tieli","China","2018-11-28 14:36:17"
447,"105 Dzerzinsk Manor","Inner Mongolia","48570","240776414296","POINT(122.2652882 43.6125443)","Tongliao","China","2018-11-28 14:36:17"
594,"1464 Kursk Parkway","Shandong","17381","338758048786","POINT(119.1019435 36.7120636)","Weifang","China","2018-11-28 14:36:17"
245,"1103 Bilbays Parkway","Hubei","87660","279979529227","POINT(112.1447918 32.0422301)","Xiangfan","China","2018-11-28 14:36:17"
71,"1586 Guaruj Place","Hunan","5135","947233365992","POINT(112.9985807 27.8519136)","Xiangtan","China","2018-11-28 14:36:17"
570,"415 Pune Avenue","Shandong","44274","203202500108","POINT(117.7519451 35.9005687)","Xintai","China","2018-11-28 14:36:17"
344,"1909 Benguela Lane","Henan","19913","624138001031","POINT(113.8672267 35.3088968)","Xinxiang","China","2018-11-28 14:36:17"
277,"85 San Felipe de Puerto Plata Drive","Shandong","46063","170739645687","POINT(121.4408172 37.4764973)","Yantai","China","2018-11-28 14:36:17"
489,"1297 Alvorada Parkway","Ningxia","11839","508348602835","POINT(106.2730691 38.4680603)","Yinchuan","China","2018-11-28 14:36:17"
527,"1993 0 Loop","Liaoning","41214","25865528181","POINT(122.2283366 40.6648207)","Yingkou","China","2018-11-28 14:36:17"
158,"798 Cianjur Avenue","Shanxi","76990","499408708580","POINT(110.9927885 35.0230678)","Yuncheng","China","2018-11-28 14:36:17"
329,"867 Benin City Avenue","Henan","78543","168884817145","POINT(113.4638946 34.1627839)","Yuzhou","China","2018-11-28 14:36:17"
97,"832 Nakhon Sawan Manor","Inner Mongolia","49021","275595571388","POINT(122.7166725 486172957)","Zalantun","China","2018-11-28 14:36:17"
520,"1778 Gijn Manor","Hubei","35156","288910576761","POINT(112.7541772 32.1272296)","Zaoyang","China","2018-11-28 14:36:17"
556,"346 Cam Ranh Avenue","Zhejiang","39976","978430786151","POINT(122.2046507 30.0107523)","Zhoushan","China","2018-11-28 14:36:17"
239,"98 Stara Zagora Boulevard","Valle","76448","610173756082","POINT(-77.0311671 3.8801538)","Buenaventura","Colombia","2018-11-28 14:36:17"
124,"241 Mosul Lane","Risaralda","76157","765345144779","POINT(-75.6672757 4.8391685)","Dos Quebradas","Colombia","2018-11-28 14:36:17"
465,"734 Tanshui Avenue","Caquet","70664","366776723320","POINT(0 0)","Florencia","Colombia","2018-11-28 14:36:17"
184,"1410 Benin City Parkway","Risaralda","29747","104150372603","POINT(-75.6961154 4.8133305)","Pereira","Colombia","2018-11-28 14:36:17"
91,"1740 Portoviejo Avenue","Sucre","29932","198123170793","POINT(-75.3977888 9.3047285)","Sincelejo","Colombia","2018-11-28 14:36:17"
495,"656 Matamoros Drive","Boyac","19489","17305839123","POINT(0 0)","Sogamoso","Colombia","2018-11-28 14:36:17"
392,"514 Ife Way","Shaba","69973","900235712074","POINT(0 0)","Lubumbashi","Congo, The Democratic Republic of the","2018-11-28 14:36:17"
380,"1519 Santiago de los Caballeros Loop","East Kasai","22025","409315295763","POINT(0 0)","Mwene-Ditu","Congo, The Democratic Republic of the","2018-11-28 14:36:17"
270,"682 Halisahar Place","Severn Morava","20536","475553436330","POINT(0 0)","Olomouc","Czech Republic","2018-11-28 14:36:17"
442,"1245 Ibirit Way","La Romana","40926","331888642162","POINT(-68.9728505 18.4273397)","La Romana","Dominican Republic","2018-11-28 14:36:17"
423,"437 Chungho Drive","Puerto Plata","59489","491271355190","POINT(-70.6884507 19.7934458)","San Felipe de Puerto Plata","Dominican Republic","2018-11-28 14:36:17"
263,"532 Toulon Street","Santiago","69517","46871694740","POINT(-70.6970306 19.4517425)","Santiago de los Caballeros","Dominican Republic","2018-11-28 14:36:17"
595,"1074 Sanaa Parkway","Loja","22474","154124128457","POINT(-79.2042279 -3.9931355)","Loja","Ecuador","2018-11-28 14:36:17"
267,"816 Cayenne Parkway","Manab","93629","282874611748","POINT(0 0)","Portoviejo","Ecuador","2018-11-28 14:36:17"
499,"1954 Kowloon and New Kowloon Way","Chimborazo","63667","898559280434","POINT(0 0)","Robamba","Ecuador","2018-11-28 14:36:17"
565,"1741 Hoshiarpur Boulevard","al-Sharqiya","22372","855066328617","POINT(0 0)","Bilbays","Egypt","2018-11-28 14:36:17"
237,"1736 Cavite Place","Qina","98775","431770603551","POINT(0 0)","Idfu","Egypt","2018-11-28 14:36:17"
496,"775 ostka Drive","al-Daqahliya","22358","171973024401","POINT(31.2589957 30.7145954)","Mit Ghamr","Egypt","2018-11-28 14:36:17"
138,"765 Southampton Drive","al-Qalyubiya","4285","23712411567","POINT(31.2056807 30.1792216)","Qalyub","Egypt","2018-11-28 14:36:17"
428,"1727 Matamoros Place","Sawhaj","78813","129673677866","POINT(31.6947808 26.5569546)","Sawhaj","Egypt","2018-11-28 14:36:17"
123,"1987 Coacalco de Berriozbal Loop","al-Qalyubiya","96065","787654415858","POINT(31.2505396 30.1251153)","Shubra al-Khayma","Egypt","2018-11-28 14:36:17"
449,"1289 Belm Boulevard","Tartumaa","88306","237368926031","POINT(26.7250976 58.3806266)","Tartu","Estonia","2018-11-28 14:36:17"
397,"614 Pak Kret Street","Addis Abeba","27796","47808359842","POINT(38.7468953 9.0249786)","Addis Abeba","Ethiopia","2018-11-28 14:36:17"
322,"1359 Zhoushan Parkway","Streymoyar","29763","46568045367","POINT(0 0)","Trshavn","Faroe Islands","2018-11-28 14:36:17"
303,"898 Jining Lane","Pohjois-Pohjanmaa","40070","161643343536","POINT(25.4681696 65.0123605)","Oulu","Finland","2018-11-28 14:36:17"
407,"1346 Mysore Drive","Bretagne","61507","516647474029","POINT(-4.4833319 48.4979204)","Brest","France","2018-11-28 14:36:17"
166,"1740 Le Mans Loop","Pays de la Loire","22853","168476538960","POINT(0.2925425 489535594)","Le Mans","France","2018-11-28 14:36:17"
108,"1386 Yangor Avenue","Provence-Alpes-Cte","80720","449216226468","POINT(0 0)","Toulon","France","2018-11-28 14:36:17"
39,"391 Callao Drive","Midi-Pyrnes","34021","440512153169","POINT(0 0)","Toulouse","France","2018-11-28 14:36:17"
69,"698 Otsu Street","Cayenne","71110","409983924481","POINT(-52.3333399 4.9333377)","Cayenne","French Guiana","2018-11-28 14:36:17"
47,"1447 Imus Way","Tahiti","48942","539758313890","POINT(-149.6843672 -17.5546957)","Faaa","French Polynesia","2018-11-28 14:36:17"
60,"1668 Saint Louis Place","Tahiti","39072","347487831378","POINT(-149.5665635 -17.5373362)","Papeete","French Polynesia","2018-11-28 14:36:17"
590,"247 Jining Parkway","Banjul","53446","170115379190","POINT(-16.5780366 13.4527495)","Banjul","Gambia","2018-11-28 14:36:17"
118,"442 Rae Bareli Place","Nordrhein-Westfalen","24321","886636413768","POINT(6.7651616 51.4324703)","Duisburg","Germany","2018-11-28 14:36:17"
453,"319 Springs Loop","Baijeri","99552","72524459905","POINT(11.0078372 49.5909984)","Erlangen","Germany","2018-11-28 14:36:17"
255,"1966 Tonghae Street","Anhalt Sachsen","36481","567359279425","POINT(125127014 51.5661974)","Halle/Saale","Germany","2018-11-28 14:36:17"
200,"1074 Binzhou Manor","Baden-Wrttemberg","36490","331132568928","POINT(0 0)","Mannheim","Germany","2018-11-28 14:36:17"
231,"430 Alessandria Loop","Saarland","47446","669828224459","POINT(0 0)","Saarbrcken","Germany","2018-11-28 14:36:17"
199,"1792 Valle de la Pascua Place","Nordrhein-Westfalen","15540","419419591240","POINT(8.0243129 50.8748198)","Siegen","Germany","2018-11-28 14:36:17"
205,"68 Molodetno Manor","Nordrhein-Westfalen","4662","146640639760","POINT(7.3525872 51.4436286)","Witten","Germany","2018-11-28 14:36:17"
7,"692 Joliet Street","Attika","83579","448477190408","POINT(23.7162294 37.9794508)","Athenai","Greece","2018-11-28 14:36:17"
602,"1101 Bucuresti Boulevard","West Greece","97661","199514580428","POINT(21.7344436 38.2444426)","Patras","Greece","2018-11-28 14:36:17"
211,"850 Salala Loop","Kitaa","10800","403404780639","POINT(0 0)","Nuuk","Greenland","2018-11-28 14:36:17"
30,"18 Duisburg Boulevard","","58327","998009777982","POINT(0 0)","Citt del Vaticano","Holy See (Vatican City State)","2018-11-28 14:36:17"
294,"1912 Allende Manor","Kowloon and New Kowl","58124","172262454487","POINT(0 0)","Kowloon and New Kowloon","Hong Kong","2018-11-28 14:36:17"
598,"42 Fontana Avenue","Fejr","14684","437829801725","POINT(0 0)","Szkesfehrvr","Hungary","2018-11-28 14:36:17"
372,"230 Urawa Drive","Andhra Pradesh","2738","166898395731","POINT(77.2753617 15.6250982)","Adoni","India","2018-11-28 14:36:17"
302,"922 Vila Velha Loop","Maharashtra","4085","510737228015","POINT(74.7384344 19.0945716)","Ahmadnagar","India","2018-11-28 14:36:17"
179,"431 Xiangtan Avenue","Kerala","4854","230250973122","POINT(0 0)","Allappuzha (Alleppey)","India","2018-11-28 14:36:17"
229,"1014 Loja Manor","Tamil Nadu","66851","460795526514","POINT(80.1615253 13.0981817)","Ambattur","India","2018-11-28 14:36:17"
540,"949 Allende Lane","Uttar Pradesh","67521","122981120653","POINT(78.4698424 28.9031416)","Amroha","India","2018-11-28 14:36:17"
212,"624 Oshawa Boulevard","West Bengali","89959","49677664184","POINT(88.7773227 25.2209978)","Balurghat","India","2018-11-28 14:36:17"
418,"126 Acua Parkway","West Bengali","58888","480039662421","POINT(88.2515586 24.1047388)","Berhampore (Baharampur)","India","2018-11-28 14:36:17"
384,"97 Mogiljov Lane","Gujarat","89294","924815207181","POINT(72.1525264 21.7744509)","Bhavnagar","India","2018-11-28 14:36:17"
213,"43 Dadu Avenue","Rajasthan","4855","95666951770","POINT(74.6352311 25.3464477)","Bhilwara","India","2018-11-28 14:36:17"
535,"635 Brest Manor","Andhra Pradesh","40899","80593242951","POINT(81.5232261 16.5407813)","Bhimavaram","India","2018-11-28 14:36:17"
19,"419 Iligan Lane","Madhya Pradesh","72878","990911107354","POINT(77.4028938 23.2546953)","Bhopal","India","2018-11-28 14:36:17"
206,"642 Nador Drive","Maharashtra","3924","369050085652","POINT(75.7817558 21.0465825)","Bhusawal","India","2018-11-28 14:36:17"
473,"1257 Guadalajara Street","Karnataka","33599","195337700615","POINT(75.7153712 16.8244248)","Bijapur","India","2018-11-28 14:36:17"
171,"1540 Wroclaw Drive","Maharashtra","62686","182363341674","POINT(79.2960722 19.9471171)","Chandrapur","India","2018-11-28 14:36:17"
514,"1747 Rustenburg Place","Bihar","51369","442673923363","POINT(84.7308906 25.7814406)","Chapra","India","2018-11-28 14:36:17"
445,"495 Bhimavaram Lane","Maharashtra","3","82088937724","POINT(74.7773508 20.9025165)","Dhule (Dhulia)","India","2018-11-28 14:36:17"
125,"211 Chiayi Drive","Uttar Pradesh","58186","665993880048","POINT(79.0215973 26.7778423)","Etawah","India","2018-11-28 14:36:17"
196,"9 San Miguel de Tucumn Manor","Uttar Pradesh","90845","956188728558","POINT(78.4018032 27.1494196)","Firozabad","India","2018-11-28 14:36:17"
121,"1967 Sincelejo Place","Gujarat","73644","577812616052","POINT(72.6833332 23.2166788)","Gandhinagar","India","2018-11-28 14:36:17"
375,"1049 Matamoros Parkway","Karnataka","69640","960505250340","POINT(76.8378775 17.3376375)","Gulbarga","India","2018-11-28 14:36:17"
190,"435 0 Way","West Bengali","74750","760171523969","POINT(88.1097549 22.0604684)","Haldia","India","2018-11-28 14:36:17"
264,"1027 Banjul Place","West Bengali","50390","538241037443","POINT(88.4185932 22.9321815)","Halisahar","India","2018-11-28 14:36:17"
417,"791 Salinas Street","Punjab","40509","129953030512","POINT(75.9079937 31.5323868)","Hoshiarpur","India","2018-11-28 14:36:17"
140,"788 Atinsk Street","Karnataka","81691","146497509724","POINT(758133303 15.4501336)","Hubli-Dharwad","India","2018-11-28 14:36:17"
64,"81 Hodeida Way","Rajasthan","55561","250767749542","POINT(75.7878198 26.9196216)","Jaipur","India","2018-11-28 14:36:17"
36,"176 Mandaluyong Place","Uttar Pradesh","65213","627705991774","POINT(78.5822145 25.4544634)","Jhansi","India","2018-11-28 14:36:17"
228,"60 Poos de Caldas Street","Rajasthan","82338","963063788669","POINT(73.0059404 26.2684113)","Jodhpur","India","2018-11-28 14:36:17"
35,"33 Gorontalo Way","West Bengali","30348","745994947458","POINT(88.3747238 22.6711153)","Kamarhati","India","2018-11-28 14:36:17"
497,"1013 Tabuk Boulevard","West Bengali","96203","158399646978","POINT(88.4284972 22.9599825)","Kanchrapara","India","2018-11-28 14:36:17"
279,"1884 Shikarpur Avenue","Haryana","85548","959949395183","POINT(76.9883944 29.6900906)","Karnal","India","2018-11-28 14:36:17"
424,"1948 Bayugan Parkway","Bihar","60622","987306329957","POINT(87.5704408 25.5385267)","Katihar","India","2018-11-28 14:36:17"
276,"1675 Xiangfan Manor","Tamil Nadu","11763","271149517630","POINT(79.3912412 10.9620955)","Kumbakonam","India","2018-11-28 14:36:17"
321,"651 Pathankot Loop","Maharashtra","59811","139378397418","POINT(74.6466372 16.8241727)","Miraj","India","2018-11-28 14:36:17"
32,"1425 Shikarpur Manor","Bihar","65599","678220867005","POINT(86.4735203 25.3755655)","Munger (Monghyr)","India","2018-11-28 14:36:17"
63,"1213 Ranchi Parkway","Karnataka","94352","800024380485","POINT(766456911 13.5639657)","Mysore","India","2018-11-28 14:36:17"
156,"1963 Moscow Place","Assam","64863","761379480249","POINT(92.6922571 26.3503746)","Nagaon","India","2018-11-28 14:36:17"
273,"1519 Ilorin Place","Kerala","49298","357445645426","POINT(76.6562581 10.7744394)","Palghat (Palakkad)","India","2018-11-28 14:36:17"
305,"41 El Alto Parkway","Maharashtra","56883","51917807050","POINT(76.7708194 19.2685546)","Parbhani","India","2018-11-28 14:36:17"
99,"1697 Tanauan Lane","Punjab","22870","4764773857","POINT(75.6449709 32.3316749)","Pathankot","India","2018-11-28 14:36:17"
301,"951 Stara Zagora Manor","Punjab","98573","429925609431","POINT(76.4026681 30.3271521)","Patiala","India","2018-11-28 14:36:17"
426,"1661 Abha Drive","Tamil Nadu","14400","270456873752","POINT(78.8214191 10.3812871)","Pudukkottai","India","2018-11-28 14:36:17"
139,"943 Johannesburg Avenue","Maharashtra","5892","90921003005","POINT(73.8553565 18.5195797)","Pune","India","2018-11-28 14:36:17"
431,"1596 Acua Parkway","Jharkhand","70425","157133457169","POINT(0 0)","Purnea (Purnia)","India","2018-11-28 14:36:17"
82,"936 Salzburg Lane","Uttar Pradesh","96709","875756771675","POINT(81.2449939 26.2191025)","Rae Bareli","India","2018-11-28 14:36:17"
560,"1447 Imus Place","Gujarat","12905","62127829280","POINT(70.7932213 22.2916123)","Rajkot","India","2018-11-28 14:36:17"
341,"1920 Weifang Avenue","Uttar Pradesh","15643","869507847714","POINT(79.0289576 28.8090428)","Rampur","India","2018-11-28 14:36:17"
363,"604 Bern Place","Jharkhand","5373","620719383725","POINT(85.3385674 23.3477771)","Ranchi","India","2018-11-28 14:36:17"
221,"866 Shivapuri Manor","Uttar Pradesh","22474","778502731092","POINT(78.5668976 28.5832347)","Sambhal","India","2018-11-28 14:36:17"
361,"45 Aparecida de Goinia Place","Madhya Pradesh","7431","650496654258","POINT(80.8248472 24.5822532)","Satna","India","2018-11-28 14:36:17"
242,"1964 Gijn Manor","Karnataka","14408","918119601885","POINT(75.5679104 13.9315793)","Shimoga","India","2018-11-28 14:36:17"
72,"57 Arlington Manor","Madhya Pradesh","48960","990214419142","POINT(77.6514276 25.4308235)","Shivapuri","India","2018-11-28 14:36:17"
507,"1197 Sokoto Boulevard","West Bengali","87687","868602816371","POINT(88.4285155 26.7100489)","Siliguri (Shiliguri)","India","2018-11-28 14:36:17"
292,"1993 Tabuk Lane","Tamil Nadu","64221","648482415405","POINT(80.1270701 12.9246028)","Tambaram","India","2018-11-28 14:36:17"
174,"1877 Ezhou Lane","Rajasthan","63337","264541743403","POINT(73.6918333 24.5711714)","Udaipur","India","2018-11-28 14:36:17"
451,"1704 Tambaram Manor","West Bengali","2834","39463554936","POINT(88.0989894 22.4756422)","Uluberia","India","2018-11-28 14:36:17"
235,"954 Kimchon Place","West Bengali","42420","541327526474","POINT(0 0)","Uttarpara-Kotrung","India","2018-11-28 14:36:17"
408,"990 Etawah Loop","Tamil Nadu","79940","206169448769","POINT(76.9511624 10.3269123)","Valparai","India","2018-11-28 14:36:17"
127,"117 Boa Vista Way","Uttar Pradesh","6804","677976133614","POINT(83.0104161 25.3166821)","Varanasi (Benares)","India","2018-11-28 14:36:17"
513,"758 Korolev Parkway","Andhra Pradesh","75474","441628280920","POINT(80.6304914 16.5192844)","Vijayawada","India","2018-11-28 14:36:17"
16,"808 Bhopal Manor","Haryana","10672","465887807014","POINT(0 0)","Yamuna Nagar","India","2018-11-28 14:36:17"
416,"1445 Carmen Parkway","West Java","70809","598912394463","POINT(107.0830663 -6.7725909)","Cianjur","Indonesia","2018-11-28 14:36:17"
243,"47 Syktyvkar Lane","West Java","22236","63937119031","POINT(106.7586171 -6.6230602)","Ciomas","Indonesia","2018-11-28 14:36:17"
333,"1860 Taguig Loop","West Java","59550","38158430589","POINT(107.5908393 -6.9611164)","Ciparay","Indonesia","2018-11-28 14:36:17"
207,"1688 Nador Lane","Sulawesi Utara","61613","652218196731","POINT(122.3166772 0.7726177)","Gorontalo","Indonesia","2018-11-28 14:36:17"
157,"456 Escobar Way","Jakarta Raya","36061","719202533520","POINT(106.8451399 -6.2146236)","Jakarta","Indonesia","2018-11-28 14:36:17"
478,"1078 Stara Zagora Drive","Aceh","69221","932992626595","POINT(97.1507436 5.1801172)","Lhokseumawe","Indonesia","2018-11-28 14:36:17"
505,"519 Brescia Parkway","East Java","69504","793996678771","POINT(111.5239078 -7.6298531)","Madiun","Indonesia","2018-11-28 14:36:17"
548,"1658 Cuman Loop","Sumatera Selatan","51309","784907335610","POINT(106.1392227 -2.1631982)","Pangkal Pinang","Indonesia","2018-11-28 14:36:17"
120,"544 Malm Parkway","Central Java","63502","386759646229","POINT(109.3666757 -6.9424081)","Pemalang","Indonesia","2018-11-28 14:36:17"
511,"1152 al-Qatif Lane","Kalimantan Barat","44816","131370665218","POINT(109.3219947 -0.0310935)","Pontianak","Indonesia","2018-11-28 14:36:17"
377,"154 Oshawa Manor","East Java","72771","440365973660","POINT(113.2159708 -7.7543494)","Probolinggo","Indonesia","2018-11-28 14:36:17"
530,"1003 Qinhuangdao Street","West Java","25972","35533115997","POINT(107.4433377 -6.5569419)","Purwakarta","Indonesia","2018-11-28 14:36:17"
455,"1947 Paarl Way","Central Java","23636","834061016202","POINT(110.8316759 -7.5561124)","Surakarta","Indonesia","2018-11-28 14:36:17"
463,"935 Aden Boulevard","Central Java","64709","335052544020","POINT(109.1402792 -6.8694969)","Tegal","Indonesia","2018-11-28 14:36:17"
40,"334 Munger (Monghyr) Lane","Markazi","38145","481183273622","POINT(49.6891697 34.0917421)","Arak","Iran","2018-11-28 14:36:17"
14,"1531 Sal Drive","Esfahan","53628","648856936185","POINT(51.6746246 32.6524674)","Esfahan","Iran","2018-11-28 14:36:17"
382,"220 Hidalgo Drive","Kermanshah","45298","342720754566","POINT(47.0656814 34.3141741)","Kermanshah","Iran","2018-11-28 14:36:17"
373,"1922 Miraj Way","Esfahan","13203","320471479776","POINT(51.3668958 32.6344247)","Najafabad","Iran","2018-11-28 14:36:17"
464,"76 Kermanshah Manor","Esfahan","23343","762361821578","POINT(51.8668877 32.0089105)","Qomsheh","Iran","2018-11-28 14:36:17"
189,"927 Barcelona Street","Chaharmahal va Bakht","65121","951486492670","POINT(0 0)","Shahr-e Kord","Iran","2018-11-28 14:36:17"
454,"956 Nam Dinh Manor","Kerman","21872","474047727727","POINT(55.6809634 29.4513771)","Sirjan","Iran","2018-11-28 14:36:17"
284,"600 Bradford Street","East Azerbaidzan","96204","117592274996","POINT(46.2919332 38.0829411)","Tabriz","Iran","2018-11-28 14:36:17"
585,"1208 Tama Loop","Ninawa","73605","954786054144","POINT(43.1188962 36.3355174)","Mosul","Iraq","2018-11-28 14:36:17"
106,"659 Vaduz Drive","Ha Darom","49708","709935135487","POINT(0 0)","Ashdod","Israel","2018-11-28 14:36:17"
483,"632 Usolje-Sibirskoje Parkway","Ha Darom","73085","667648979883","POINT(0 0)","Ashqelon","Israel","2018-11-28 14:36:17"
320,"1542 Lubumbashi Boulevard","Tel Aviv","62472","508800331065","POINT(34.7518577 32.0237941)","Bat Yam","Israel","2018-11-28 14:36:17"
165,"97 Shimoga Avenue","Tel Aviv","44660","177167004331","POINT(34.7805719 32.0808879)","Tel Aviv-Jaffa","Israel","2018-11-28 14:36:17"
37,"127 Purnea (Purnia) Manor","Piemonte","79388","911872220378","POINT(8.6100757 44.9092442)","Alessandria","Italy","2018-11-28 14:36:17"
444,"231 Kaliningrad Place","Lombardia","57833","575081026569","POINT(9.6672105 45.6960161)","Bergamo","Italy","2018-11-28 14:36:17"
314,"1224 Huejutla de Reyes Boulevard","Lombardia","70923","806016930576","POINT(10.2147236 45.5355809)","Brescia","Italy","2018-11-28 14:36:17"
504,"1 Valle de Santiago Avenue","Apulia","86208","465897838272","POINT(17.9360783 40.6321519)","Brindisi","Italy","2018-11-28 14:36:17"
547,"379 Lublin Parkway","Toscana","74568","921960450089","POINT(10.3261593 43.5442712)","Livorno","Italy","2018-11-28 14:36:17"
225,"1926 Gingoog Street","Sisilia","22824","469738825391","POINT(15.2762835 37.0841577)","Syrakusa","Italy","2018-11-28 14:36:17"
531,"1986 Sivas Place","Friuli-Venezia Giuli","95775","182059202712","POINT(0 0)","Udine","Italy","2018-11-28 14:36:17"
580,"923 Tangail Boulevard","Tokyo-to","33384","315528269898","POINT(139.3641857 35.7078256)","Akishima","Japan","2018-11-28 14:36:17"
145,"928 Jaffna Loop","Hiroshima","93762","581852137991","POINT(133.3666742 34.4833354)","Fukuyama","Japan","2018-11-28 14:36:17"
269,"446 Kirovo-Tepetsk Lane","Osaka","19428","303967439816","POINT(135.6176571 34.6711229)","Higashiosaka","Japan","2018-11-28 14:36:17"
198,"345 Oshawa Boulevard","Tokyo-to","32114","104491201771","POINT(139.4002884 35.6730684)","Hino","Japan","2018-11-28 14:36:17"
304,"1635 Kuwana Boulevard","Hiroshima","52137","710603868323","POINT(132.4593736 34.3962703)","Hiroshima","Japan","2018-11-28 14:36:17"
525,"1949 Sanya Street","Gumma","61244","132100972047","POINT(139.2820607 36.3166712)","Isesaki","Japan","2018-11-28 14:36:17"
244,"1148 Saarbrcken Parkway","Fukushima","1921","137773001988","POINT(140.8833374 37.0547352)","Iwaki","Japan","2018-11-28 14:36:17"
58,"1964 Allappuzha (Alleppey) Street","Yamaguchi","48980","920811325222","POINT(132.2220908 34.1629706)","Iwakuni","Japan","2018-11-28 14:36:17"
401,"168 Cianjur Manor","Saitama","73824","679095087143","POINT(139.6850291 35.9522535)","Iwatsuki","Japan","2018-11-28 14:36:17"
396,"767 Pyongyang Drive","Osaka","83536","667736124769","POINT(135.3368299 34.3739822)","Izumisano","Japan","2018-11-28 14:36:17"
167,"1287 Xiangfan Boulevard","Gifu","57844","819416131190","POINT(136.8666778 35.4166765)","Kakamigahara","Japan","2018-11-28 14:36:17"
83,"586 Tete Way","Kanagawa","1079","18581624103","POINT(139.5502887 35.3088962)","Kamakura","Japan","2018-11-28 14:36:17"
553,"1421 Quilmes Lane","Ishikawa","19151","135407755975","POINT(136.6255661 36.5944575)","Kanazawa","Japan","2018-11-28 14:36:17"
406,"454 Patiala Lane","Fukushima","13496","794553031307","POINT(140.3833343 37.4679281)","Koriyama","Japan","2018-11-28 14:36:17"
38,"61 Tama Street","Okayama","94065","708403338270","POINT(133.7666798 34.5833369)","Kurashiki","Japan","2018-11-28 14:36:17"
537,"958 Sagamihara Lane","Mie","88408","427274926505","POINT(136.7414816 35.0656572)","Kuwana","Japan","2018-11-28 14:36:17"
360,"619 Hunuco Avenue","Shimane","81508","142596392389","POINT(133.0505647 35.4722288)","Matsue","Japan","2018-11-28 14:36:17"
258,"752 Ondo Loop","Miyazaki","32474","134673576619","POINT(131.0666764 31.7333371)","Miyakonojo","Japan","2018-11-28 14:36:17"
57,"17 Kabul Boulevard","Chiba","38594","697760867968","POINT(139.9026668 35.8563057)","Nagareyama","Japan","2018-11-28 14:36:17"
494,"591 Sungai Petani Drive","Okayama","46400","37247325001","POINT(133.9350327 34.6616774)","Okayama","Japan","2018-11-28 14:36:17"
370,"1565 Tangail Manor","Okinawa","45750","634445428822","POINT(126.6687194 25.7722563)","Okinawa","Japan","2018-11-28 14:36:17"
409,"1266 Laredo Parkway","Saitama","7664","1483365694","POINT(139.6241343 35.9066539)","Omiya","Japan","2018-11-28 14:36:17"
342,"124 al-Manama Way","Hiroshima","52368","647899404952","POINT(133.2278006 34.4166734)","Onomichi","Japan","2018-11-28 14:36:17"
290,"1336 Benin City Drive","Shiga","46044","341242939532","POINT(135.8683324 35.0044473)","Otsu","Japan","2018-11-28 14:36:17"
15,"1542 Tarlac Parkway","Kanagawa","1027","635297277345","POINT(139.3589644 35.5557889)","Sagamihara","Japan","2018-11-28 14:36:17"
5,"1913 Hanoi Way","Nagasaki","35200","28303384290","POINT(129.7227851 33.1591726)","Sasebo","Japan","2018-11-28 14:36:17"
33,"786 Aurora Avenue","Yamaguchi","65750","18461860151","POINT(130.9570667 33.9587914)","Shimonoseki","Japan","2018-11-28 14:36:17"
390,"102 Chapra Drive","Ibaragi","14073","776031833752","POINT(0 0)","Tama","Japan","2018-11-28 14:36:17"
434,"1404 Taguig Drive","Okayama","87212","572068624538","POINT(133.9988561 35.0521549)","Tsuyama","Japan","2018-11-28 14:36:17"
508,"496 Celaya Drive","Nagano","90797","759586584889","POINT(138.2816187 36.4026557)","Ueda","Japan","2018-11-28 14:36:17"
151,"1337 Lincoln Parkway","Saitama","99457","597815221267","POINT(139.6452896 35.8616754)","Urawa","Japan","2018-11-28 14:36:17"
80,"602 Paarl Street","Pavlodar","98889","896314772871","POINT(77.0043801 52.2740146)","Pavlodar","Kazakstan","2018-11-28 14:36:17"
579,"521 San Juan Bautista Tuxtepec Place","Qaraghandy","95093","844018348565","POINT(67.7666759 47.7833343)","Zhezqazghan","Kazakstan","2018-11-28 14:36:17"
197,"447 Surakarta Loop","Nyanza","10428","940830176580","POINT(0 0)","Kisumu","Kenya","2018-11-28 14:36:17"
368,"1658 Jastrzebie-Zdrj Loop","Central","96584","568367775448","POINT(37.8734742 -0.0993589)","Nyeri","Kenya","2018-11-28 14:36:17"
238,"346 Skikda Parkway","Hawalli","90628","630424482919","POINT(0 0)","Jalib al-Shuyukh","Kuwait","2018-11-28 14:36:17"
352,"1673 Tangail Drive","Daugavpils","26857","627924259271","POINT(26.5333303 55.8833321)","Daugavpils","Latvia","2018-11-28 14:36:17"
27,"1780 Hino Boulevard","Liepaja","7716","902731229323","POINT(21.0166781 56.5166715)","Liepaja","Latvia","2018-11-28 14:36:17"
61,"943 Tokat Street","Vaduz","45428","889318963672","POINT(9.5215498 47.1415115)","Vaduz","Liechtenstein","2018-11-28 14:36:17"
563,"1059 Yuncheng Avenue","Vilna","47498","107092893983","POINT(25.2798673 54.6891639)","Vilnius","Lithuania","2018-11-28 14:36:17"
85,"320 Baiyin Parkway","Mahajanga","37307","223664661973","POINT(46.3166743 -15.7166741)","Mahajanga","Madagascar","2018-11-28 14:36:17"
170,"710 San Felipe del Progreso Avenue","Lilongwe","76901","843801144113","POINT(33.7872564 -13.9669289)","Lilongwe","Malawi","2018-11-28 14:36:17"
175,"316 Uruapan Street","Perak","58194","275788967899","POINT(101.0829914 4.5841352)","Ipoh","Malaysia","2018-11-28 14:36:17"
62,"1114 Liepaja Street","Sarawak","69226","212869228936","POINT(110.3333389 1.5570314)","Kuching","Malaysia","2018-11-28 14:36:17"
311,"715 So Bernardo do Campo Lane","Kedah","84804","181179321332","POINT(100.4877252 5.6471605)","Sungai Petani","Malaysia","2018-11-28 14:36:17"
491,"1789 Saint-Denis Parkway","Coahuila de Zaragoza","8268","936806643983","POINT(0 0)","Acua","Mexico","2018-11-28 14:36:17"
419,"397 Sunnyvale Avenue","Guanajuato","55566","680851640676","POINT(-100.7438977 20.9152845)","Allende","Mexico","2018-11-28 14:36:17"
88,"125 Citt del Vaticano Boulevard","Puebla","67912","48417642933","POINT(-98.4361382 18.9081595)","Atlixco","Mexico","2018-11-28 14:36:17"
584,"1819 Alessandria Loop","Campeche","53829","377633994405","POINT(-91.8299183 18.6459207)","Carmen","Mexico","2018-11-28 14:36:17"
593,"1402 Zanzibar Boulevard","Guanajuato","71102","387448063440","POINT(-100.8157756 20.5235397)","Celaya","Mexico","2018-11-28 14:36:17"
251,"1473 Changhwa Parkway","Mxico","75933","266798132374","POINT(0 0)","Coacalco de Berriozbal","Mexico","2018-11-28 14:36:17"
487,"1785 So Bernardo do Campo Street","Veracruz","71182","684529463244","POINT(-94.4424279 18.1334662)","Coatzacoalcos","Mexico","2018-11-28 14:36:17"
472,"1447 Chatsworth Place","Chihuahua","41545","769370126331","POINT(0 0)","Cuauhtmoc","Mexico","2018-11-28 14:36:17"
328,"479 San Felipe del Progreso Avenue","Morelos","54949","869051782691","POINT(-98.9455577 18.8045961)","Cuautla","Mexico","2018-11-28 14:36:17"
581,"186 Skikda Lane","Morelos","89422","14465669789","POINT(-99.2307505 18.9261943)","Cuernavaca","Mexico","2018-11-28 14:36:17"
456,"814 Simferopol Loop","Sinaloa","48745","524567129902","POINT(-108.7493103 26.1917411)","El Fuerte","Mexico","2018-11-28 14:36:17"
369,"817 Laredo Avenue","Jalisco","77449","151249681135","POINT(-103.3918271 20.6668204)","Guadalajara","Mexico","2018-11-28 14:36:17"
154,"781 Shimonoseki Drive","Michoacn de Ocampo","95444","632316273199","POINT(0 0)","Hidalgo","Mexico","2018-11-28 14:36:17"
588,"966 Asuncin Way","Hidalgo","62703","995527378381","POINT(-98.4194451 21.1405936)","Huejutla de Reyes","Mexico","2018-11-28 14:36:17"
112,"1002 Ahmadnagar Manor","Mxico","93026","371490777743","POINT(0 0)","Huixquilucan","Mexico","2018-11-28 14:36:17"
587,"760 Miyakonojo Drive","Guerrero","64682","294449058179","POINT(0 0)","Jos Azueta","Mexico","2018-11-28 14:36:17"
374,"433 Florencia Street","Chihuahua","91330","561729882725","POINT(0 0)","Jurez","Mexico","2018-11-28 14:36:17"
493,"184 Mandaluyong Street","Baja California Sur","94239","488425406814","POINT(-110.3097351 24.1381188)","La Paz","Mexico","2018-11-28 14:36:17"
181,"146 Johannesburg Way","Tamaulipas","54132","953689007081","POINT(-97.5041713 25.8797291)","Matamoros","Mexico","2018-11-28 14:36:17"
348,"785 Vaduz Street","Baja California","36170","895616862749","POINT(-115.4544699 32.6278161)","Mexicali","Mexico","2018-11-28 14:36:17"
576,"1351 Sousse Lane","Coahuila de Zaragoza","37815","203804046132","POINT(-101.4205638 26.9068718)","Monclova","Mexico","2018-11-28 14:36:17"
119,"1107 Nakhon Sawan Avenue","Mxico","75149","867546627903","POINT(0 0)","Nezahualcyotl","Mexico","2018-11-28 14:36:17"
358,"1698 Southport Loop","Hidalgo","49009","754358349853","POINT(-98.7332931 20.1169757)","Pachuca de Soto","Mexico","2018-11-28 14:36:17"
278,"144 South Hill Loop","Guanajuato","2012","45387294817","POINT(-101.1915495 20.5719604)","Salamanca","Mexico","2018-11-28 14:36:17"
324,"1145 Vilnius Manor","Mxico","73170","674805712553","POINT(0 0)","San Felipe del Progreso","Mexico","2018-11-28 14:36:17"
430,"355 Vitria de Santo Anto Way","Oaxaca","81758","548003849552","POINT(-96.1253502 18.0883465)","San Juan Bautista Tuxtepec","Mexico","2018-11-28 14:36:17"
137,"261 Saint Louis Way","Coahuila de Zaragoza","83401","321944036800","POINT(0 0)","Torren","Mexico","2018-11-28 14:36:17"
459,"251 Florencia Drive","Michoacn de Ocampo","16119","118011831565","POINT(0 0)","Uruapan","Mexico","2018-11-28 14:36:17"
293,"86 Higashiosaka Lane","Guanajuato","33768","957128697225","POINT(-101.1891745 20.3932178)","Valle de Santiago","Mexico","2018-11-28 14:36:17"
470,"1088 Ibirit Place","Jalisco","88502","49084281333","POINT(-103.3847998 20.7235691)","Zapopan","Mexico","2018-11-28 14:36:17"
42,"269 Cam Ranh Parkway","Chisinau","34689","489783829737","POINT(28.8575834 47.0055601)","Chisinau","Moldova","2018-11-28 14:36:17"
549,"454 Qinhuangdao Drive","Tadla-Azilal","25866","786270036240","POINT(-6.3498381 32.3372501)","Beni-Mellal","Morocco","2018-11-28 14:36:17"
44,"671 Graz Street","Oriental","94399","680768868518","POINT(-2.9335289 35.1681312)","Nador","Morocco","2018-11-28 14:36:17"
26,"28 Charlotte Amalie Street","Rabat-Sal-Zammour-Z","37551","161968374323","POINT(0 0)","Sal","Morocco","2018-11-28 14:36:17"
262,"771 Yaound Manor","Sofala","86768","245477603573","POINT(34.8388913 -19.8436187)","Beira","Mozambique","2018-11-28 14:36:17"
438,"596 Huixquilucan Place","Nampula","65892","342709348083","POINT(0 0)","Naala-Porto","Mozambique","2018-11-28 14:36:17"
101,"1599 Plock Drive","Tete","71986","817248913162","POINT(33.5866733 -16.1563948)","Tete","Mozambique","2018-11-28 14:36:17"
261,"51 Laredo Avenue","Sagaing","68146","884536620568","POINT(95.1358394 22.1085695)","Monywa","Myanmar","2018-11-28 14:36:17"
8,"1566 Inegl Manor","Mandalay","53561","705814003527","POINT(95.3884368 21.4600272)","Myingyan","Myanmar","2018-11-28 14:36:17"
519,"962 Tama Loop","","65952","282667506728","POINT(166.9104802 -0.5353641)","Yangor","Nauru","2018-11-28 14:36:17"
326,"470 Boksburg Street","Central","97960","908029859266","POINT(84.8773507 27.0104304)","Birgunj","Nepal","2018-11-28 14:36:17"
420,"992 Klerksdorp Loop","Utrecht","33711","855290087237","POINT(5.3875453 52.1550813)","Amersfoort","Netherlands","2018-11-28 14:36:17"
141,"1749 Daxian Place","Gelderland","11044","963369996279","POINT(5.9694471 52.2194571)","Apeldoorn","Netherlands","2018-11-28 14:36:17"
346,"1217 Konotop Avenue","Gelderland","504","718917251754","POINT(5.6583352 52.0333321)","Ede","Netherlands","2018-11-28 14:36:17"
479,"1854 Okara Boulevard","Drenthe","42123","131912793873","POINT(6.9069415 52.7791718)","Emmen","Netherlands","2018-11-28 14:36:17"
188,"741 Ambattur Manor","Noord-Brabant","43310","302590383819","POINT(5.3041706 51.6991772)","s-Hertogenbosch","Netherlands","2018-11-28 14:36:17"
12,"478 Joliet Way","Hamilton","77948","657282285970","POINT(175.2833399 -37.7833313)","Hamilton","New Zealand","2018-11-28 14:36:17"
289,"1279 Udine Parkway","Edo & Delta","75860","195003555232","POINT(5.6274942 6.3350511)","Benin City","Nigeria","2018-11-28 14:36:17"
414,"1936 Lapu-Lapu Parkway","Bauchi & Gombe","7122","653436985797","POINT(0 0)","Deba Habe","Nigeria","2018-11-28 14:36:17"
291,"1155 Liaocheng Place","Oyo & Osun","22650","558236142492","POINT(0 0)","Effon-Alaiye","Nigeria","2018-11-28 14:36:17"
84,"1888 Kabul Drive","Oyo & Osun","20936","701457319790","POINT(0 0)","Ife","Nigeria","2018-11-28 14:36:17"
202,"955 Bamenda Way","Ondo & Ekiti","1545","768481779568","POINT(0 0)","Ikerre","Nigeria","2018-11-28 14:36:17"
107,"1177 Jelets Way","Kwara & Kogi","3305","484292626944","POINT(4.5546462 8.5497914)","Ilorin","Nigeria","2018-11-28 14:36:17"
22,"320 Brest Avenue","Kaduna","43331","747791594069","POINT(7.4382858 10.5222412)","Kaduna","Nigeria","2018-11-28 14:36:17"
282,"556 Baybay Manor","Oyo & Osun","55802","363982224739","POINT(4.2644189 8.1567516)","Ogbomosho","Nigeria","2018-11-28 14:36:17"
160,"1367 Yantai Manor","Ondo & Ekiti","21294","889538496300","POINT(5.0833356 7.1666732)","Ondo","Nigeria","2018-11-28 14:36:17"
285,"1006 Santa Brbara dOeste Manor","Ondo & Ekiti","36229","85059738746","POINT(5.5868183 7.1962061)","Owo","Nigeria","2018-11-28 14:36:17"
254,"786 Stara Zagora Way","Oyo & Osun","98332","716256596301","POINT(3.9333328 7.8531924)","Oyo","Nigeria","2018-11-28 14:36:17"
568,"1342 Sharja Way","Sokoto & Kebbi & Zam","93655","946114054231","POINT(5.2390225 13.0609242)","Sokoto","Nigeria","2018-11-28 14:36:17"
236,"885 Yingkou Manor","Kaduna","31390","588964509072","POINT(7.7227418 11.1112878)","Zaria","Nigeria","2018-11-28 14:36:17"
161,"1386 Nakhon Sawan Boulevard","Pyongyang-si","53502","368899174225","POINT(125.7543291 39.0338568)","Pyongyang","North Korea","2018-11-28 14:36:17"
13,"613 Korolev Drive","Masqat","45844","380657522649","POINT(58.5922971 23.6138798)","Masqat","Oman","2018-11-28 14:36:17"
503,"1416 San Juan Bautista Tuxtepec Avenue","Zufar","50592","144206758053","POINT(54.0923796 17.0150586)","Salala","Oman","2018-11-28 14:36:17"
421,"966 Arecibo Loop","Sind","94018","15273765306","POINT(67.7763138 26.7328704)","Dadu","Pakistan","2018-11-28 14:36:17"
227,"1820 Maring Parkway","Punjab","88307","99760893676","POINT(73.4843114 32.5833916)","Mandi Bahauddin","Pakistan","2018-11-28 14:36:17"
24,"1688 Okara Way","Nothwest Border Prov","21954","144453869132","POINT(0 0)","Mardan","Pakistan","2018-11-28 14:36:17"
404,"734 Bchar Place","Punjab","30586","280578750435","POINT(73.4458345 30.8080619)","Okara","Pakistan","2018-11-28 14:36:17"
29,"934 San Felipe de Puerto Plata Street","Sind","99780","196495945706","POINT(68.6378981 27.9570677)","Shikarpur","Pakistan","2018-11-28 14:36:17"
230,"201 Effon-Alaiye Way","Asuncin","64344","684192903087","POINT(0 0)","Asuncin","Paraguay","2018-11-28 14:36:17"
209,"1679 Antofagasta Street","Alto Paran","86599","905903574913","POINT(0 0)","Ciudad del Este","Paraguay","2018-11-28 14:36:17"
350,"1628 Nagareyama Lane","Central","60079","20064292617","POINT(-57.5087974 -25.3396832)","San Lorenzo","Paraguay","2018-11-28 14:36:17"
309,"827 Yuncheng Drive","Callao","79047","504434452842","POINT(-77.1181422 -12.0565969)","Callao","Peru","2018-11-28 14:36:17"
571,"1746 Faaa Way","Huanuco","32515","863080561151","POINT(0 0)","Hunuco","Peru","2018-11-28 14:36:17"
126,"1175 Tanauan Way","Lima","64615","937222955822","POINT(-77.0282484 -12.0431865)","Lima","Peru","2018-11-28 14:36:17"
603,"1103 Quilmes Boulevard","Piura","52137","644021380889","POINT(-80.6852876 -4.9038955)","Sullana","Peru","2018-11-28 14:36:17"
75,"492 Cam Ranh Street","Eastern Visayas","50805","565018274456","POINT(124.8006205 10.6785254)","Baybay","Philippines","2018-11-28 14:36:17"
192,"1166 Changhwa Street","Caraga","58852","650752094490","POINT(125.7675248 8.7561117)","Bayugan","Philippines","2018-11-28 14:36:17"
98,"152 Kitwe Parkway","Caraga","53182","835433605312","POINT(126.3163958 8.2152827)","Bislig","Philippines","2018-11-28 14:36:17"
376,"1061 Ede Avenue","Southern Tagalog","57810","333390595558","POINT(0 0)","Cabuyao","Philippines","2018-11-28 14:36:17"
393,"717 Changzhou Lane","Southern Tagalog","21615","426255288071","POINT(0 0)","Cavite","Philippines","2018-11-28 14:36:17"
31,"217 Botshabelo Place","Southern Mindanao","49521","665356572025","POINT(0 0)","Davao","Philippines","2018-11-28 14:36:17"
466,"118 Jaffna Loop","Northern Mindanao","10447","325526730021","POINT(125.1166743 8.8333397)","Gingoog","Philippines","2018-11-28 14:36:17"
260,"127 Iwakuni Boulevard","Central Luzon","20777","987442542471","POINT(120.7327195 14.8341331)","Hagonoy","Philippines","2018-11-28 14:36:17"
586,"951 Springs Lane","Central Mindanao","96115","165164761435","POINT(0 0)","Iligan","Philippines","2018-11-28 14:36:17"
354,"953 Hodeida Street","Southern Tagalog","18841","53912826864","POINT(0 0)","Imus","Philippines","2018-11-28 14:36:17"
248,"582 Papeete Loop","Central Visayas","27722","569868543137","POINT(123.9494442 10.3102867)","Lapu-Lapu","Philippines","2018-11-28 14:36:17"
268,"1831 Nam Dinh Loop","National Capital Reg","51990","322888976727","POINT(0 0)","Mandaluyong","Philippines","2018-11-28 14:36:17"
439,"1351 Aparecida de Goinia Parkway","Northern Mindanao","41775","959834530529","POINT(123.8333385 8.1559817)","Ozamis","Philippines","2018-11-28 14:36:17"
528,"1176 Southend-on-Sea Manor","Southern Tagalog","81651","236679267178","POINT(0 0)","Santa Rosa","Philippines","2018-11-28 14:36:17"
76,"89 Allappuzha (Alleppey) Manor","National Capital Reg","75444","255800440636","POINT(0 0)","Taguig","Philippines","2018-11-28 14:36:17"
510,"48 Maracabo Place","Central Luzon","1570","82671830126","POINT(120.9192945 15.5883603)","Talavera","Philippines","2018-11-28 14:36:17"
378,"1191 Tandil Drive","Southern Tagalog","6362","45554316010","POINT(0 0)","Tanauan","Philippines","2018-11-28 14:36:17"
240,"1479 Rustenburg Boulevard","Southern Tagalog","18727","727785483194","POINT(0 0)","Tanza","Philippines","2018-11-28 14:36:17"
554,"947 Trshavn Place","Central Luzon","841","50898428626","POINT(120.5979478 15.4801751)","Tarlac","Philippines","2018-11-28 14:36:17"
266,"862 Xintai Lane","Cagayan Valley","30065","265153400632","POINT(121.7269485 17.6130638)","Tuguegarao","Philippines","2018-11-28 14:36:17"
323,"1769 Iwaki Lane","Kujawsko-Pomorskie","25787","556100547674","POINT(18.0076296 53.1235938)","Bydgoszcz","Poland","2018-11-28 14:36:17"
578,"1405 Hagonoy Avenue","Slaskie","86587","867287719310","POINT(19.1240921 50.7964658)","Czestochowa","Poland","2018-11-28 14:36:17"
132,"1050 Garden Grove Avenue","Slaskie","4999","973047364353","POINT(0 0)","Jastrzebie-Zdrj","Poland","2018-11-28 14:36:17"
275,"906 Goinia Way","Wielkopolskie","83565","701767622697","POINT(18.0910245 51.7610909)","Kalisz","Poland","2018-11-28 14:36:17"
506,"414 Mandaluyong Street","Lubelskie","16370","52709222667","POINT(22.5666769 51.2559205)","Lublin","Poland","2018-11-28 14:36:17"
577,"1501 Pangkal Pinang Avenue","Mazowieckie","943","770864062795","POINT(19.7063884 52.5468267)","Plock","Poland","2018-11-28 14:36:17"
385,"1642 Charlotte Amalie Drive","Slaskie","75442","821476736117","POINT(18.9664179 50.1371796)","Tychy","Poland","2018-11-28 14:36:17"
564,"505 Madiun Boulevard","Dolnoslaskie","97271","970638808606","POINT(17.0333344 51.1381537)","Wroclaw","Poland","2018-11-28 14:36:17"
365,"1009 Zanzibar Lane","Arecibo","64875","102396298916","POINT(-66.7157391 18.4724507)","Arecibo","Puerto Rico","2018-11-28 14:36:17"
287,"1405 Chisinau Place","Ponce","8160","62781725285","POINT(-66.6140669 18.0110803)","Ponce","Puerto Rico","2018-11-28 14:36:17"
234,"1256 Bislig Boulevard","Botosani","50598","479007229460","POINT(26.6666762 47.7515488)","Botosani","Romania","2018-11-28 14:36:17"
569,"1342 Abha Boulevard","Bukarest","10714","997453607116","POINT(26.1062619 44.4322532)","Bucuresti","Romania","2018-11-28 14:36:17"
152,"1952 Pune Lane","Saint-Denis","92150","354615066969","POINT(0 0)","Saint-Denis","Runion","2018-11-28 14:36:17"
402,"616 Hagonoy Avenue","Krasnojarsk","46043","604177838256","POINT(0 0)","Atinsk","Russian Federation","2018-11-28 14:36:17"
59,"1697 Kowloon and New Kowloon Loop","Moskova","57807","499352017190","POINT(0 0)","Balaiha","Russian Federation","2018-11-28 14:36:17"
435,"740 Udaipur Lane","Nizni Novgorod","33505","497288595103","POINT(0 0)","Dzerzinsk","Russian Federation","2018-11-28 14:36:17"
21,"270 Toulon Boulevard","Kalmykia","81766","407752414682","POINT(44.2558374 46.3077803)","Elista","Russian Federation","2018-11-28 14:36:17"
110,"1867 San Juan Bautista Tuxtepec Avenue","Ivanovo","78311","547003310357","POINT(40.9713993 56.9971905)","Ivanovo","Russian Federation","2018-11-28 14:36:17"
226,"810 Palghat (Palakkad) Boulevard","Jaroslavl","73431","516331171356","POINT(39.8736803 57.6298723)","Jaroslavl","Russian Federation","2018-11-28 14:36:17"
104,"1913 Kamakura Place","Lipetsk","97287","942570536750","POINT(0 0)","Jelets","Russian Federation","2018-11-28 14:36:17"
306,"1883 Maikop Lane","Kaliningrad","68469","96110042435","POINT(20.5109506 54.7064978)","Kaliningrad","Russian Federation","2018-11-28 14:36:17"
515,"886 Tonghae Place","Volgograd","19450","711928348157","POINT(0 0)","Kamyin","Russian Federation","2018-11-28 14:36:17"
183,"1089 Iwatsuki Avenue","Kirov","35109","866092335135","POINT(0 0)","Kirovo-Tepetsk","Russian Federation","2018-11-28 14:36:17"
300,"661 Chisinau Lane","Pietari","8856","816436065431","POINT(0 0)","Kolpino","Russian Federation","2018-11-28 14:36:17"
398,"954 Lapu-Lapu Way","Moskova","8816","737229003916","POINT(0 0)","Korolev","Russian Federation","2018-11-28 14:36:17"
381,"1618 Olomouc Manor","Kurgan","26385","96846695220","POINT(65.3333338 55.4523109)","Kurgan","Russian Federation","2018-11-28 14:36:17"
316,"746 Joliet Lane","Kursk","94878","688485191923","POINT(36.1873575 51.7373341)","Kursk","Russian Federation","2018-11-28 14:36:17"
48,"1998 Halifax Drive","Lipetsk","76022","177727722820","POINT(39.5707653 52.6031163)","Lipetsk","Russian Federation","2018-11-28 14:36:17"
164,"1623 Baha Blanca Manor","Moskova","81511","149981248346","POINT(0 0)","Ljubertsy","Russian Federation","2018-11-28 14:36:17"
351,"1157 Nyeri Loop","Adygea","56380","262744791493","POINT(40.1058391 44.6077807)","Maikop","Russian Federation","2018-11-28 14:36:17"
50,"46 Pjatigorsk Lane","Moscow (City)","23616","262076994845","POINT(37.5386455 55.7488297)","Moscow","Russian Federation","2018-11-28 14:36:17"
452,"207 Cuernavaca Loop","Tatarstan","52671","782900030287","POINT(0 0)","Nabereznyje Telny","Russian Federation","2018-11-28 14:36:17"
52,"909 Garland Manor","Tatarstan","69367","705800322606","POINT(51.8244755 55.6365792)","Niznekamsk","Russian Federation","2018-11-28 14:36:17"
195,"1077 San Felipe de Puerto Plata Place","Rostov-na-Donu","65387","812824036424","POINT(0 0)","Novoterkassk","Russian Federation","2018-11-28 14:36:17"
492,"185 Mannheim Lane","Stavropol","23661","589377568313","POINT(43.0594427 44.0486119)","Pjatigorsk","Russian Federation","2018-11-28 14:36:17"
573,"1407 Surakarta Manor","Moskova","33224","324346485054","POINT(0 0)","Serpuhov","Russian Federation","2018-11-28 14:36:17"
131,"801 Hagonoy Drive","Smolensk","8439","237426099212","POINT(32.0401193 54.7818296)","Smolensk","Russian Federation","2018-11-28 14:36:17"
433,"1823 Hoshiarpur Lane","Komi","33191","307133768620","POINT(50.8099404 61.6764246)","Syktyvkar","Russian Federation","2018-11-28 14:36:17"
355,"469 Nakhon Sawan Street","Tuvassia","58866","689199636560","POINT(0 0)","Teboksary","Russian Federation","2018-11-28 14:36:17"
467,"1621 Tongliao Avenue","Irkutsk","22173","209342540247","POINT(103.6452848 52.7519467)","Usolje-Sibirskoje","Russian Federation","2018-11-28 14:36:17"
356,"1378 Beira Loop","Krasnojarsk","40792","840957664136","POINT(0 0)","Zeleznogorsk","Russian Federation","2018-11-28 14:36:17"
331,"1016 Iwakuni Street","St George","49833","961370847344","POINT(-61.2247516 13.1587251)","Kingstown","Saint Vincent and the Grenadines","2018-11-28 14:36:17"
105,"733 Mandaluyong Place","Asir","77459","196568435814","POINT(42.5052814 18.2163937)","Abha","Saudi Arabia","2018-11-28 14:36:17"
74,"1124 Buenaventura Drive","Mekka","6856","407733804223","POINT(0 0)","al-Hawiya","Saudi Arabia","2018-11-28 14:36:17"
422,"289 Santo Andr Manor","al-Sharqiya","72410","214976066017","POINT(0 0)","al-Qatif","Saudi Arabia","2018-11-28 14:36:17"
53,"725 Isesaki Place","Mekka","74428","876295323994","POINT(39.1979758 21.5423826)","Jedda","Saudi Arabia","2018-11-28 14:36:17"
317,"780 Kimberley Way","Tabuk","17032","824396883951","POINT(36.5715155 28.3998035)","Tabuk","Saudi Arabia","2018-11-28 14:36:17"
461,"1889 Valparai Way","Ziguinchor","75559","670370974122","POINT(-16.2719429 12.5833364)","Ziguinchor","Senegal","2018-11-28 14:36:17"
362,"482 Kowloon and New Kowloon Manor","Bratislava","97056","738968474939","POINT(17.1067496 48.1481638)","Bratislava","Slovakia","2018-11-28 14:36:17"
129,"569 Baicheng Lane","Gauteng","60304","490211944645","POINT(28.2595823 -26.2119716)","Boksburg","South Africa","2018-11-28 14:36:17"
136,"898 Belm Manor","Free State","49757","707169393853","POINT(26.7052868 -29.2701604)","Botshabelo","South Africa","2018-11-28 14:36:17"
561,"1497 Fengshan Drive","KwaZulu-Natal","63022","368738360376","POINT(30.8917545 -29.9186652)","Chatsworth","South Africa","2018-11-28 14:36:17"
476,"270 Tambaram Parkway","Gauteng","9668","248446668735","POINT(28.0436389 -26.2022763)","Johannesburg","South Africa","2018-11-28 14:36:17"
23,"1417 Lancaster Avenue","Northern Cape","72192","272572357893","POINT(24.7623254 -28.7322674)","Kimberley","South Africa","2018-11-28 14:36:17"
113,"682 Junan Way","North West","30418","622255216127","POINT(26.6667296 -26.8521304)","Klerksdorp","South Africa","2018-11-28 14:36:17"
437,"1766 Almirante Brown Street","KwaZulu-Natal","63104","617567598243","POINT(29.9318991 -27.7579638)","Newcastle","South Africa","2018-11-28 14:36:17"
343,"1443 Mardan Street","Western Cape","31483","231383037471","POINT(18.9655278 -33.7046881)","Paarl","South Africa","2018-11-28 14:36:17"
412,"1639 Saarbrcken Drive","North West","9827","328494873422","POINT(27.2420868 -25.6675623)","Rustenburg","South Africa","2018-11-28 14:36:17"
149,"999 Sanaa Loop","Gauteng","3439","918032330119","POINT(28.0991912 -25.4728869)","Soshanguve","South Africa","2018-11-28 14:36:17"
87,"929 Tallahassee Loop","Gauteng","74671","800716535041","POINT(28.4194136 -26.2533214)","Springs","South Africa","2018-11-28 14:36:17"
92,"1942 Ciparay Parkway","Cheju","82624","978987363654","POINT(126.5461176 33.4016753)","Cheju","South Korea","2018-11-28 14:36:17"
103,"588 Vila Velha Manor","Kyongsangbuk","51540","333339908719","POINT(0 0)","Kimchon","South Korea","2018-11-28 14:36:17"
241,"647 A Corua (La Corua) Street","Chollanam","36971","792557457753","POINT(0 0)","Naju","South Korea","2018-11-28 14:36:17"
542,"193 Bhusawal Place","Kang-won","9750","745267607502","POINT(0 0)","Tonghae","South Korea","2018-11-28 14:36:17"
249,"300 Junan Street","Kyonggi","81314","890289150158","POINT(0 0)","Uijongbu","South Korea","2018-11-28 14:36:17"
56,"939 Probolinggo Loop","Galicia","4166","680428310138","POINT(0 0)","A Corua (La Corua)","Spain","2018-11-28 14:36:17"
298,"44 Najafabad Way","Baskimaa","61391","96604821070","POINT(0 0)","Donostia-San Sebastin","Spain","2018-11-28 14:36:17"
399,"331 Bydgoszcz Parkway","Asturia","966","537374465982","POINT(0 0)","Gijn","Spain","2018-11-28 14:36:17"
474,"1469 Plock Lane","Galicia","95835","622884741180","POINT(-7.8640742 42.3366955)","Ourense (Orense)","Spain","2018-11-28 14:36:17"
555,"1764 Jalib al-Shuyukh Parkway","Galicia","77642","84794532510","POINT(-8.5456978 42.8805224)","Santiago de Compostela","Spain","2018-11-28 14:36:17"
413,"692 Amroha Drive","Northern","35575","359478883004","POINT(80.0074283 9.6684518)","Jaffna","Sri Lanka","2018-11-28 14:36:17"
400,"1152 Citrus Heights Manor","al-Qadarif","5239","765957414528","POINT(35.3834416 14.0349313)","al-Qadarif","Sudan","2018-11-28 14:36:17"
54,"115 Hidalgo Parkway","Khartum","80168","307703950263","POINT(32.4777359 15.6445381)","Omdurman","Sudan","2018-11-28 14:36:17"
70,"1150 Kimchon Manor","Skne ln","96109","663449333709","POINT(0 0)","Malm","Sweden","2018-11-28 14:36:17"
65,"915 Ponce Place","Basel-Stadt","83980","1395251317","POINT(7.5732756 47.5583998)","Basel","Switzerland","2018-11-28 14:36:17"
159,"185 Novi Sad Place","Bern","41778","904253967161","POINT(7.4474467 46.9480957)","Bern","Switzerland","2018-11-28 14:36:17"
604,"1331 Usak Boulevard","Vaud","61960","145308717464","POINT(6.6328266 46.5169343)","Lausanne","Switzerland","2018-11-28 14:36:17"
79,"1551 Rampur Lane","Changhwa","72394","251164340471","POINT(0 0)","Changhwa","Taiwan","2018-11-28 14:36:17"
77,"1947 Poos de Caldas Boulevard","Chiayi","60951","427454485876","POINT(120.3928389 23.4617851)","Chiayi","Taiwan","2018-11-28 14:36:17"
523,"608 Birgunj Parkway","Taipei","400","627425618482","POINT(0 0)","Chungho","Taiwan","2018-11-28 14:36:17"
582,"1568 Celaya Parkway","Kaohsiung","34750","278669994384","POINT(0 0)","Fengshan","Taiwan","2018-11-28 14:36:17"
353,"381 Kabul Way","Taipei","87272","55477302294","POINT(0 0)","Hsichuh","Taiwan","2018-11-28 14:36:17"
34,"1668 Anpolis Street","Taipei","50199","525255540978","POINT(0 0)","Lungtan","Taiwan","2018-11-28 14:36:17"
9,"53 Idfu Parkway","Nantou","42399","10655648674","POINT(120.6638785 23.9156685)","Nantou","Taiwan","2018-11-28 14:36:17"
583,"1489 Kakamigahara Lane","Taipei","98883","29341849811","POINT(0 0)","Tanshui","Taiwan","2018-11-28 14:36:17"
143,"1029 Dzerzinsk Manor","Ynlin","57519","33173584456","POINT(0 0)","Touliu","Taiwan","2018-11-28 14:36:17"
592,"1923 Stara Zagora Lane","Nantou","95179","182178609211","POINT(0 0)","Tsaotun","Taiwan","2018-11-28 14:36:17"
486,"64 Korla Street","Mwanza","25145","510383179153","POINT(32.9676702 -2.5166733)","Mwanza","Tanzania","2018-11-28 14:36:17"
194,"605 Rio Claro Parkway","Tabora","49348","352469351088","POINT(32.8266393 -5.0162258)","Tabora","Tanzania","2018-11-28 14:36:17"
224,"1842 Luzinia Boulevard","Zanzibar West","94420","706878974831","POINT(39.1979342 -6.1639465)","Zanzibar","Tanzania","2018-11-28 14:36:17"
395,"1337 Mit Ghamr Avenue","Nakhon Sawan","29810","175283210378","POINT(100.1371733 15.7047282)","Nakhon Sawan","Thailand","2018-11-28 14:36:17"
46,"1632 Bislig Avenue","Nonthaburi","61117","471675840679","POINT(100.4988397 13.9130104)","Pak Kret","Thailand","2018-11-28 14:36:17"
90,"870 Ashqelon Loop","Songkhla","84931","135117278909","POINT(100.5951996 7.1988262)","Songkhla","Thailand","2018-11-28 14:36:17"
349,"1516 Escobar Drive","Tongatapu","46069","64536069371","POINT(-175.2018383 -21.1393845)","Nukualofa","Tonga","2018-11-28 14:36:17"
340,"507 Smolensk Loop","Sousse","22971","80303246192","POINT(10.6369931 35.8253973)","Sousse","Tunisia","2018-11-28 14:36:17"
332,"663 Baha Blanca Parkway","Adana","33463","834418779292","POINT(35.3288926 37.0016775)","Adana","Turkey","2018-11-28 14:36:17"
371,"1912 Emeishan Drive","Balikesir","33050","99883471275","POINT(27.8861139 39.6491766)","Balikesir","Turkey","2018-11-28 14:36:17"
176,"29 Pyongyang Loop","Batman","47753","734780743462","POINT(41.1322155 37.8873816)","Batman","Turkey","2018-11-28 14:36:17"
488,"698 Jelets Boulevard","Denizli","2596","975185523021","POINT(29.0875335 37.7741774)","Denizli","Turkey","2018-11-28 14:36:17"
512,"1269 Ipoh Avenue","Eskisehir","54674","402630109080","POINT(30.5205685 39.7766793)","Eskisehir","Turkey","2018-11-28 14:36:17"
485,"984 Novoterkassk Loop","Gaziantep","28165","435118527255","POINT(37.3825106 37.0594402)","Gaziantep","Turkey","2018-11-28 14:36:17"
283,"457 Tongliao Loop","Bursa","56254","880756161823","POINT(0 0)","Inegl","Turkey","2018-11-28 14:36:17"
147,"374 Bat Yam Boulevard","Kilis","97700","923261616249","POINT(37.1154257 36.7161151)","Kilis","Turkey","2018-11-28 14:36:17"
128,"848 Tafuna Manor","Ktahya","45142","614935229095","POINT(0 0)","Ktahya","Turkey","2018-11-28 14:36:17"
17,"270 Amroha Parkway","Osmaniye","29610","695479687538","POINT(36.2477824 37.0741756)","Osmaniye","Turkey","2018-11-28 14:36:17"
524,"680 A Corua (La Corua) Manor","Sivas","49806","158326114853","POINT(37.0161184 39.7483357)","Sivas","Turkey","2018-11-28 14:36:17"
498,"319 Plock Parkway","Istanbul","26101","854259976812","POINT(29.2706722 40.9607239)","Sultanbeyli","Turkey","2018-11-28 14:36:17"
168,"842 Salzburg Lane","Adana","3313","697151428760","POINT(35.6654367 37.2994811)","Tarsus","Turkey","2018-11-28 14:36:17"
572,"539 Hami Way","Tokat","52196","525518075499","POINT(36.5544466 40.3138923)","Tokat","Turkey","2018-11-28 14:36:17"
208,"1215 Pyongyang Parkway","Usak","25238","646237101779","POINT(29.4058642 38.6735189)","Usak","Turkey","2018-11-28 14:36:17"
204,"387 Mwene-Ditu Drive","Ahal","8073","764477681869","POINT(58.3833386 37.9575146)","Ashgabat","Turkmenistan","2018-11-28 14:36:17"
109,"454 Nakhon Sawan Boulevard","Funafuti","76383","963887147572","POINT(179.1941789 -8.5242561)","Funafuti","Tuvalu","2018-11-28 14:36:17"
391,"1793 Meixian Place","Hmelnytskyi","33535","619966287415","POINT(0 0)","Kamjanets-Podilskyi","Ukraine","2018-11-28 14:36:17"
551,"182 Nukualofa Drive","Sumy","15414","426346224043","POINT(33.2026378 51.2403234)","Konotop","Ukraine","2018-11-28 14:36:17"
135,"1752 So Leopoldo Parkway","Taka-Karpatia","14014","252265130067","POINT(0 0)","Mukateve","Ukraine","2018-11-28 14:36:17"
480,"421 Yaound Street","Sumy","11363","726875628268","POINT(0 0)","ostka","Ukraine","2018-11-28 14:36:17"
86,"927 Baha Blanca Parkway","Krim","9495","821972242086","POINT(34.1107975 44.9571971)","Simferopol","Ukraine","2018-11-28 14:36:17"
191,"140 Chiayi Parkway","Sumy","38982","855863906434","POINT(34.8002989 50.9216315)","Sumy","Ukraine","2018-11-28 14:36:17"
457,"535 Ahmadnagar Manor","Abu Dhabi","41136","985109775584","POINT(54.3666737 24.4666776)","Abu Dhabi","United Arab Emirates","2018-11-28 14:36:17"
102,"669 Firozabad Loop","Abu Dhabi","92265","412903167998","POINT(55.7605667 24.1916795)","al-Ayn","United Arab Emirates","2018-11-28 14:36:17"
297,"1192 Tongliao Street","Sharja","19065","350970907017","POINT(55.4120655 25.3373777)","Sharja","United Arab Emirates","2018-11-28 14:36:17"
89,"1557 Ktahya Boulevard","England","88002","720998247660","POINT(-1.7520692 53.7939173)","Bradford","United Kingdom","2018-11-28 14:36:17"
146,"483 Ljubertsy Parkway","Scotland","60562","581174211853","POINT(-2.9748951 56.4691327)","Dundee","United Kingdom","2018-11-28 14:36:17"
256,"1497 Yuzhou Drive","England","3433","246810237916","POINT(-0.1257486 51.5085304)","London","United Kingdom","2018-11-28 14:36:17"
517,"548 Uruapan Street","Ontario","35653","879347453467","POINT(0 0)","London","United Kingdom","2018-11-28 14:36:17"
589,"1584 Ljubertsy Lane","England","22954","285710089439","POINT(-1.4042869 50.9039592)","Southampton","United Kingdom","2018-11-28 14:36:17"
20,"360 Toulouse Parkway","England","54308","949312333307","POINT(0.7143363 51.5378203)","Southend-on-Sea","United Kingdom","2018-11-28 14:36:17"
562,"869 Shikarpur Way","England","57380","590764256785","POINT(-3.0064812 53.6477943)","Southport","United Kingdom","2018-11-28 14:36:17"
482,"808 Naala-Porto Parkway","England","41060","553452430707","POINT(-2.1576169 53.4097913)","Stockport","United Kingdom","2018-11-28 14:36:17"
502,"1515 Korla Way","England","57197","959467760895","POINT(-1.0827111 53.9576345)","York","United Kingdom","2018-11-28 14:36:17"
484,"98 Pyongyang Boulevard","Ohio","88749","191958435142","POINT(-81.5190107 41.0814413)","Akron","United States","2018-11-28 14:36:17"
310,"913 Coacalco de Berriozbal Loop","Texas","42141","262088367001","POINT(-97.1080797 32.7356954)","Arlington","United States","2018-11-28 14:36:17"
100,"1308 Arecibo Way","Georgia","30695","6171054059","POINT(-81.9748497 33.4709748)","Augusta-Richmond County","United States","2018-11-28 14:36:17"
335,"587 Benguela Manor","Illinois","91590","165450987037","POINT(-88.3200762 41.7605836)","Aurora","United States","2018-11-28 14:36:17"
543,"43 Vilnius Manor","Colorado","79814","484500282381","POINT(-104.8319273 39.7294392)","Aurora","United States","2018-11-28 14:36:17"
216,"660 Jedda Boulevard","Washington","25053","168758068397","POINT(-122.2006874 47.6103871)","Bellevue","United States","2018-11-28 14:36:17"
153,"782 Mosul Street","Massachusetts","25545","885899703621","POINT(-71.0183899 42.0834357)","Brockton","United States","2018-11-28 14:36:17"
532,"1427 Tabuk Place","Florida","31342","214756839122","POINT(-81.9495397 26.5628558)","Cape Coral","United States","2018-11-28 14:36:17"
18,"770 Bydgoszcz Avenue","California","16266","517338314235","POINT(-121.2810649 38.7071296)","Citrus Heights","United States","2018-11-28 14:36:17"
144,"1666 Beni-Mellal Place","Tennessee","13377","9099941466","POINT(-87.3594586 36.5297793)","Clarksville","United States","2018-11-28 14:36:17"
186,"533 al-Ayn Boulevard","California","8862","662227486184","POINT(-118.2200788 33.8958567)","Compton","United States","2018-11-28 14:36:17"
405,"530 Lausanne Lane","Texas","11067","775235029633","POINT(-96.8066733 32.7830646)","Dallas","United States","2018-11-28 14:36:17"
299,"32 Pudukkottai Lane","Ohio","38834","967274728547","POINT(-84.1916155 39.7589524)","Dayton","United States","2018-11-28 14:36:17"
425,"1866 al-Qatif Avenue","California","89420","546793516940","POINT(-118.0275737 34.0686238)","El Monte","United States","2018-11-28 14:36:17"
55,"1135 Izumisano Parkway","California","48150","171822533480","POINT(-117.4350521 34.0922301)","Fontana","United States","2018-11-28 14:36:17"
599,"1895 Zhezqazghan Drive","California","36693","137809746111","POINT(-117.9414563 33.7739128)","Garden Grove","United States","2018-11-28 14:36:17"
567,"1894 Boa Vista Way","Texas","77464","239357986667","POINT(-96.6388889 32.9126221)","Garland","United States","2018-11-28 14:36:17"
122,"333 Goinia Way","Texas","78625","909029256431","POINT(-96.9977802 32.7459686)","Grand Prairie","United States","2018-11-28 14:36:17"
162,"369 Papeete Way","North Carolina","66639","170117068815","POINT(-79.7919837 36.0726408)","Greensboro","United States","2018-11-28 14:36:17"
509,"786 Matsue Way","Illinois","37469","111177206479","POINT(-88.0834631 41.5251914)","Joliet","United States","2018-11-28 14:36:17"
313,"1191 Sungai Petani Boulevard","Missouri","9668","983259819766","POINT(-94.5785792 39.0997303)","Kansas City","United States","2018-11-28 14:36:17"
116,"793 Cam Ranh Avenue","California","87057","824370924746","POINT(-118.1367498 34.6980486)","Lancaster","United States","2018-11-28 14:36:17"
10,"1795 Santiago de Compostela Way","Texas","18743","860452626434","POINT(-99.5075448 27.5064117)","Laredo","United States","2018-11-28 14:36:17"
67,"1214 Hanoi Way","Nebraska","67055","491001136577","POINT(-96.6669636 40.8194939)","Lincoln","United States","2018-11-28 14:36:17"
387,"401 Sucre Boulevard","New Hampshire","25007","486395999608","POINT(-71.4547917 42.9956463)","Manchester","United States","2018-11-28 14:36:17"
185,"682 Garden Grove Place","Tennessee","67497","72136330362","POINT(-90.0489828 35.1495346)","Memphis","United States","2018-11-28 14:36:17"
280,"1980 Kamjanets-Podilskyi Street","Illinois","89502","874337098891","POINT(-89.5889971 40.6936559)","Peoria","United States","2018-11-28 14:36:17"
296,"1936 Cuman Avenue","Virginia","61195","976798660411","POINT(-79.9414311 37.2709788)","Roanoke","United States","2018-11-28 14:36:17"
462,"1485 Bratislava Place","Illinois","83183","924663855568","POINT(-89.0945901 42.2711396)","Rockford","United States","2018-11-28 14:36:17"
66,"1717 Guadalajara Lane","Missouri","85505","914090181665","POINT(-90.1978931 38.6272726)","Saint Louis","United States","2018-11-28 14:36:17"
274,"920 Kumbakonam Loop","California","75090","685010736240","POINT(-121.6555701 36.6777408)","Salinas","United States","2018-11-28 14:36:17"
6,"1121 Loja Avenue","California","17886","838635286649","POINT(-117.2897714 34.1083428)","San Bernardino","United States","2018-11-28 14:36:17"
150,"879 Newcastle Way","Michigan","90732","206841104594","POINT(-83.0302359 42.5803102)","Sterling Heights","United States","2018-11-28 14:36:17"
218,"226 Brest Manor","California","2299","785881412500","POINT(-122.0363565 37.3688354)","Sunnyvale","United States","2018-11-28 14:36:17"
252,"1309 Weifang Street","Florida","57338","435785045362","POINT(-84.2807393 30.4382689)","Tallahassee","United States","2018-11-28 14:36:17"
281,"1944 Bamenda Way","Michigan","24645","75975221996","POINT(-83.0277992 42.4775472)","Warren","United States","2018-11-28 14:36:17"
574,"502 Mandi Bahauddin Parkway","Anzotegui","15992","618156722572","POINT(0 0)","Barcelona","Venezuela","2018-11-28 14:36:17"
115,"1378 Alvorada Avenue","Distrito Federal","75834","272234298332","POINT(-66.8791948 10.4880184)","Caracas","Venezuela","2018-11-28 14:36:17"
117,"1079 Tel Aviv-Jaffa Boulevard","Sucre","10885","358178933857","POINT(0 0)","Cuman","Venezuela","2018-11-28 14:36:17"
458,"138 Caracas Boulevard","Zulia","16790","974433019532","POINT(0 0)","Maracabo","Venezuela","2018-11-28 14:36:17"
178,"1848 Salala Boulevard","Miranda","25220","48265851133","POINT(-66.7760937 10.1164909)","Ocumare del Tuy","Venezuela","2018-11-28 14:36:17"
545,"163 Augusta-Richmond County Loop","Carabobo","33030","754579047924","POINT(-68.0076535 10.1620215)","Valencia","Venezuela","2018-11-28 14:36:17"
295,"544 Tarsus Boulevard","Gurico","53145","892523334","POINT(0 0)","Valle de la Pascua","Venezuela","2018-11-28 14:36:17"
538,"1817 Livorno Way","Khanh Hoa","79401","478380208348","POINT(109.1591345 11.9214404)","Cam Ranh","Vietnam","2018-11-28 14:36:17"
203,"1149 A Corua (La Corua) Boulevard","Haiphong","95824","470884141195","POINT(106.6834545 20.8648139)","Haiphong","Vietnam","2018-11-28 14:36:17"
345,"68 Ponce Parkway","Hanoi","85926","870635127812","POINT(105.8411713 21.0245089)","Hanoi","Vietnam","2018-11-28 14:36:17"
477,"1786 Salinas Place","Nam Ha","66546","206060652238","POINT(105.9713198 20.5529795)","Nam Dinh","Vietnam","2018-11-28 14:36:17"
526,"617 Klerksdorp Place","Khanh Hoa","94707","574973479129","POINT(109.1943229 12.2450777)","Nha Trang","Vietnam","2018-11-28 14:36:17"
529,"600 Purnea (Purnia) Avenue","Nghe An","18043","638409958875","POINT(105.6923295 18.6733755)","Vinh","Vietnam","2018-11-28 14:36:17"
411,"264 Bhimavaram Manor","St Thomas","54749","302526949177","POINT(0 0)","Charlotte Amalie","Virgin Islands, U.S.","2018-11-28 14:36:17"
214,"751 Lima Loop","Aden","99405","756460337785","POINT(45.0366738 12.7794459)","Aden","Yemen","2018-11-28 14:36:17"
475,"434 Ourense (Orense) Manor","Hodeida","14122","562370137426","POINT(42.9545201 14.7978152)","Hodeida","Yemen","2018-11-28 14:36:17"
308,"687 Alessandria Parkway","Sanaa","57587","407218522294","POINT(44.2066796 15.3547228)","Sanaa","Yemen","2018-11-28 14:36:17"
217,"1001 Miyakonojo Lane","Taizz","67924","584316724815","POINT(44.0209143 13.5795289)","Taizz","Yemen","2018-11-28 14:36:17"
11,"900 Santiago de Compostela Parkway","Central Serbia","93896","716571220373","POINT(0 0)","Kragujevac","Yugoslavia","2018-11-28 14:36:17"
559,"1917 Kumbakonam Parkway","Vojvodina","11892","698182547686","POINT(0 0)","Novi Sad","Yugoslavia","2018-11-28 14:36:17"
443,"1836 Korla Parkway","Copperbelt","55405","689681677428","POINT(28.2132382 -12.8024325)","Kitwe","Zambia","2018-11-28 14:36:17"
